id,name,col1
110404,zPpZFYLm,VqU0t3hH^)W3
499402,sGEjAkNx,i1S$g&FPCPV(
882693,touuLxCy,MZECfwm86$6w
033667,JUGlcAuV,YwvWKIsphxWd
218624,JVefkuds,y!!XtQxhX%^p
616572,FTXFKdmS,Qp1v&$LZ$(CZ
580207,ZYnITtEK,MIXdR&O3VbLr
968908,PcghYCLc,L9yYzX&qROj*
391784,ZyaaItQR,bCB5(eZHD@0L
182927,IMLXhLED,rubcSys(31%f
996244,LnucVnCL,@gG^ETSxmNat
730161,WxxsXpqF,KAFIwL*VWCuh
567962,zDJfmxPE,bA#z)9k*cM2j
509424,qhfkPgvi,W7L^4AtILiLi
644673,MjvfWhGS,Bw(t1%P%zpQr
931906,YpkQUmfR,DPbk88Bj(Q0f
530862,WGmcDhDP,UqMDthyupgDC
271075,JjxxLeNW,qhavYPvl6hu*
330073,pbidQclQ,gUW^AOPzzoP&
431561,TgkjKWcp,M)m25NnBaP#h
424196,VdaJejif,1m^iqy(SoS0V
350502,oIgJHiMc,l4&mWEF%13^o
092763,odDHIeza,dUiVusVt52t2
416337,uBSlHTab,$IOmnJlPLWl3
794928,myCAXkLz,nDjm(Lg%C2!N
388857,WOcpgMBi,cAx^(fx0x@X%
424431,hAhEYcYi,Qc(*Iem6nIhy
911300,phKDgbPq,!m$kU)HG)aw0
779690,QJzDBUwc,nwTsGEcZF8YI
475304,alhTlfnI,cN6Pu2SIP7HS
447641,UmBBZKcj,f6cK033%#EkE
860363,tUmShJec,lkR1A4nSpwaf
530052,jMyrhPKX,IeG386yz*guh
620017,PZfaDxVg,^XU7AghjPphK
190245,zuDWuWYi,HcRi#Uoj#Bit
507879,lENJqTJe,^i8QpP)*UFT)
007499,aQQnEHMV,%OZNCPT(oub)
279751,vwLFBYTc,b26J$5TrgMNA
920424,oxofHDcx,1k(uGW$ZTpEf
055328,eVVGhAYM,N)UP(U7QMR2B
145487,YHCCaNye,0qbllf32L7q&
843566,fYVqKNzR,jCcI5so&#mkd
273010,DSZWSXUw,Eql0R!W8yz7#
053370,PoUCBtTv,KzysX^!s^$vL
046922,jiViVgGL,^*Fa1XzYO#!u
371011,uJlHxMIl,dWt)Wk1MaLPq
585598,fbePblnk,u@Y2coozG^3w
967516,PDOpDFHl,qi6QCTTnvSIh
337017,ifRUlGPx,NnJF4yqyzq7i
630281,rPiTPjuP,B)@w#dqC$Yik
827371,ZtzzqSUC,8hgJn(Qz0W&B
042571,oEEzeDDY,kDCaRT%GTcOU
465203,VZNWVPMr,SLf&NS)^Hs7R
188299,TjiZswsC,uxg1hmcvBfik
947469,hZLIhUZZ,HIe#Mb(Z@gDr
944588,pHCxPIGv,NVWf^0AcKld7
644336,PEkHMbPj,D)1FX8Xd3Gyp
194906,hFgLAPoC,j$vLBWEf*(7o
813164,XflZuHPH,pq145&JqKJDd
578553,cZUzZfLX,sT!CVWvrhief
373559,QLiiNggI,r1LY!mE$wuq6
542405,CWuZKWPL,&U*ZEkcza6Qq
398141,JsYgMeYa,YZr7KDUX6iA2
326809,dsxoVdcu,7B9NbB(BD)2*
416545,YDfAtLyk,x8PD&!pJAEMN
954607,ddHGpUCf,35d*5^JG26G%
176011,NECwkbgM,A6(im*VK5MPr
455354,rqCrCkbv,SZ0yrY@ilVS^
716328,HybCjPhG,we^UK*i)WhWe
958279,aDVfEsQY,glWX7N#1ZZ(B
109107,QBfGxSlP,i*ySp2UA!BuL
019873,QvuHKPhE,3C!mX&)SAfeg
423954,oKTGfryr,LZum8lhCRTTZ
833700,CFeRzkAg,EF6SX371V#hf
250641,leAoqBOX,KI7Gcz8ro%xV
844556,prfaQeCX,RXM8AqzLMTYp
839219,fFhiNSZs,lSAWgU@Qi$j8
832813,KacWvBNV,of&BXMu6taSY
181236,AVuGWNHi,2PLgs1CpOc(G
885699,rwKZiulE,^T4i!PpX1^jP
100968,TGOQDXep,Qx7ubAx07brF
216901,CxClJTZy,nPbeIR@r1Jdg
475100,dKrnBADt,z%)9iXVKO)sF
519204,OejpQSzp,!z^s6h&5^6aZ
043887,VjFneAYb,uKhJJFA2EB(T
645124,GwEuMQFz,a)mZSC6SvR&Y
686917,jnTWHCRP,gTspjfIQoj1s
098732,UGJNfuQw,YgXE8Dx&KmGd
717785,FmTtgdkK,Y7m!37)@%Jtj
409858,gEyAujMt,L8*r!Ozyv)^x
866846,pkDAZYlY,x1poS(2^FDNW
404361,TwmzUPyT,DeImPevimE#m
986954,XWqQYpTK,$vgUcdJj@7hy
928782,xmwvMCgk,F)2Wy^(H*V*N
838656,aIpMTuCF,Xapq!J32a5dr
884824,xSjClFMb,YEjdk@zXxscm
168136,BzyWlfrD,65bCV441mHX!
875213,MNsnQOdr,&Izf2vMKCI3k
717201,MnoAQYLL,prjvlUw^o0)l
682281,GKaDQNyq,UZD5PG)8)Azg
