id,name,col1
779690,QJzDBUwc,nwTsGEcZF8YI
424196,VdaJejif,1m^iqy(SoS0V
794928,myCAXkLz,nDjm(Lg%C2!N
053370,PoUCBtTv,KzysX^!s^$vL
176011,NECwkbgM,A6(im*VK5MPr
373559,QLiiNggI,r1LY!mE$wuq6
860363,tUmShJec,lkR1A4nSpwaf
250641,leAoqBOX,KI7Gcz8ro%xV
416337,uBSlHTab,$IOmnJlPLWl3
620017,PZfaDxVg,^XU7AghjPphK
350502,oIgJHiMc,l4&mWEF%13^o
645124,GwEuMQFz,a)mZSC6SvR&Y
843566,fYVqKNzR,jCcI5so&#mkd
182927,IMLXhLED,rubcSys(31%f
100968,TGOQDXep,Qx7ubAx07brF
423954,oKTGfryr,LZum8lhCRTTZ
145487,YHCCaNye,0qbllf32L7q&
043887,VjFneAYb,uKhJJFA2EB(T
844556,prfaQeCX,RXM8AqzLMTYp
530862,WGmcDhDP,UqMDthyupgDC
109107,QBfGxSlP,i*ySp2UA!BuL
580207,ZYnITtEK,MIXdR&O3VbLr
920424,oxofHDcx,1k(uGW$ZTpEf
954607,ddHGpUCf,35d*5^JG26G%
337017,ifRUlGPx,NnJF4yqyzq7i
431561,TgkjKWcp,M)m25NnBaP#h
330073,pbidQclQ,gUW^AOPzzoP&
475304,alhTlfnI,cN6Pu2SIP7HS
813164,XflZuHPH,pq145&JqKJDd
507879,lENJqTJe,^i8QpP)*UFT)
616572,FTXFKdmS,Qp1v&$LZ$(CZ
279751,vwLFBYTc,b26J$5TrgMNA
519204,OejpQSzp,!z^s6h&5^6aZ
391784,ZyaaItQR,bCB5(eZHD@0L
465203,VZNWVPMr,SLf&NS)^Hs7R
931906,YpkQUmfR,DPbk88Bj(Q0f
042571,oEEzeDDY,kDCaRT%GTcOU
447641,UmBBZKcj,f6cK033%#EkE
007499,aQQnEHMV,%OZNCPT(oub)
273010,DSZWSXUw,Eql0R!W8yz7#
911300,phKDgbPq,!m$kU)HG)aw0
585598,fbePblnk,u@Y2coozG^3w
542405,CWuZKWPL,&U*ZEkcza6Qq
190245,zuDWuWYi,HcRi#Uoj#Bit
455354,rqCrCkbv,SZ0yrY@ilVS^
055328,eVVGhAYM,N)UP(U7QMR2B
098732,UGJNfuQw,YgXE8Dx&KmGd
509424,qhfkPgvi,W7L^4AtILiLi
424431,hAhEYcYi,Qc(*Iem6nIhy
326809,dsxoVdcu,7B9NbB(BD)2*
046922,jiViVgGL,^*Fa1XzYO#!u
188299,TjiZswsC,uxg1hmcvBfik
882693,touuLxCy,MZECfwm86$6w
475100,dKrnBADt,z%)9iXVKO)sF
216901,CxClJTZy,nPbeIR@r1Jdg
686917,jnTWHCRP,gTspjfIQoj1s
398141,JsYgMeYa,YZr7KDUX6iA2
033667,JUGlcAuV,YwvWKIsphxWd
996244,LnucVnCL,@gG^ETSxmNat
885699,rwKZiulE,^T4i!PpX1^jP
833700,CFeRzkAg,EF6SX371V#hf
110404,zPpZFYLm,VqU0t3hH^)W3
630281,rPiTPjuP,B)@w#dqC$Yik
567962,zDJfmxPE,bA#z)9k*cM2j
839219,fFhiNSZs,lSAWgU@Qi$j8
716328,HybCjPhG,we^UK*i)WhWe
371011,uJlHxMIl,dWt)Wk1MaLPq
644336,PEkHMbPj,D)1FX8Xd3Gyp
730161,WxxsXpqF,KAFIwL*VWCuh
832813,KacWvBNV,of&BXMu6taSY
194906,hFgLAPoC,j$vLBWEf*(7o
388857,WOcpgMBi,cAx^(fx0x@X%
499402,sGEjAkNx,i1S$g&FPCPV(
271075,JjxxLeNW,qhavYPvl6hu*
092763,odDHIeza,dUiVusVt52t2
644673,MjvfWhGS,Bw(t1%P%zpQr
019873,QvuHKPhE,3C!mX&)SAfeg
958279,aDVfEsQY,glWX7N#1ZZ(B
530052,jMyrhPKX,IeG386yz*guh
827371,ZtzzqSUC,8hgJn(Qz0W&B
416545,YDfAtLyk,x8PD&!pJAEMN
578553,cZUzZfLX,sT!CVWvrhief
181236,AVuGWNHi,2PLgs1CpOc(G
944588,pHCxPIGv,NVWf^0AcKld7
218624,JVefkuds,y!!XtQxhX%^p
947469,hZLIhUZZ,HIe#Mb(Z@gDr
967516,PDOpDFHl,qi6QCTTnvSIh
968908,PcghYCLc,L9yYzX&qROj*
